{
  "rate": 36.42,
  "uah_balance": 7202.4400000000005,
  "usd_balance": 77.70999999999998
}